Discount,Sales,Profit,Orders,Profit Margin
0.0,1105323.79,326718.5872,2714,0.29558631611466535
0.1,54952.497,9099.97,91,0.16559702464475817
0.15,27558.5215,1418.9914999999999,51,0.051490117131283694
0.2,773939.396,91079.95169999999,2440,0.11768357079473442
0.3,104474.067,-10513.445600000001,214,-0.10063210806180256
0.32,14493.4588,-2391.1377,27,-0.16498047381208963
0.4,116497.758,-23086.374200000002,186,-0.19817011585750863
0.45,5484.974,-2493.1111,10,-0.45453471611715934
0.5,58918.54,-20506.4281,64,-0.3480471189544072
0.6,7105.94,-6164.3472,138,-0.867492154451065
0.7,40805.265999999996,-40300.5727,349,-0.9876316625408104
0.8,16980.146,-30565.2692,251,-1.8000592692194755
