Month,Sales,Profit,Quantity,Orders,Profit Margin
2023-01,14518.055,2539.3907,306,33,0.1749125967631339
2023-02,4519.892,862.3083999999999,159,28,0.1907807531684385
2023-03,56933.909,693.4498999999997,597,72,0.012179910218355105
2023-04,28295.345,3488.8352,536,66,0.12330067719619604
2023-05,26319.767,3196.3918000000003,504,72,0.12144453254468401
2023-06,34669.4796,4999.7594,524,67,0.1442121271413604
2023-07,33946.393,-841.4826000000003,550,65,-0.024788571793179923
2023-08,28918.3385,5765.225,624,75,0.19936224897568025
2023-09,82670.42880000001,8593.630199999998,1015,134,0.10395047327975147
2023-10,32413.339,3469.1749,605,81,0.1070292357106437
2023-11,78826.9567,9362.955699999999,1235,152,0.11877860178762932
2023-12,72008.3085,9554.6571,1158,150,0.1326882591610939
2024-01,18461.9156,-3189.803,260,31,-0.17277746627765972
2024-02,11951.411,2813.8508,239,36,0.2354408864359196
2024-03,39978.628,9930.6134,528,81,0.24839805408029514
2024-04,34195.2085,4187.4962,543,72,0.12245856608828688
2024-05,30246.946500000002,4677.137,595,75,0.15463170803042878
2024-06,24797.292,3335.5572,486,68,0.13451296214118863
2024-07,28765.325,3288.6483,557,66,0.11432682578764536
2024-08,37057.0042,5371.627399999999,603,69,0.14495579219002272
2024-09,64627.046,8220.025099999999,1090,142,0.127191719392528
2024-10,31407.1335,2817.966,632,88,0.0897237565472188
2024-11,75972.5635,12474.7884,1310,158,0.1642012303560087
2024-12,75532.5572,8093.0626999999995,1243,167,0.10714667952483939
2025-01,18830.331,2916.0233,382,50,0.15485778237249256
2025-02,22978.815000000002,5004.5795,306,45,0.21779101750895333
2025-03,53031.069,3707.8862,592,88,0.06991912985951687
2025-04,38829.159,2991.6609000000003,640,90,0.0770467601422941
2025-05,57042.838,8676.696399999999,875,109,0.15210842770480668
2025-06,40937.148,4926.319399999999,768,100,0.12033860785807549
2025-07,40300.498999999996,4559.882699999999,774,97,0.11314705309232026
2025-08,31716.814300000002,2317.4993000000004,704,91,0.07306847648945626
2025-09,73521.6629,9370.103099999998,1325,195,0.1274468330884284
2025-10,59831.001000000004,16256.842200000001,770,107,0.2717126895470126
2025-11,79411.9658,4011.4074999999993,1406,183,0.050513892454227584
2025-12,97502.277,17926.3013,1476,185,0.18385520678660663
2026-01,44259.214,7231.639099999999,621,71,0.1633928496787132
2026-02,20301.1334,1613.8719999999996,363,53,0.07949664524641761
2026-03,60728.4808,15013.091,914,121,0.24721664040046265
2026-04,36779.0361,957.5299999999995,736,117,0.026034668157059168
2026-05,45155.4822,6299.807199999999,901,121,0.1395136734914548
2026-06,53056.0777,8246.5707,934,134,0.15543121650698277
2026-07,45989.496,7006.5012,856,112,0.15235003227693558
2026-08,64129.758,9488.0722,899,114,0.1479511617679892
2026-09,88064.532,11050.8024,1685,231,0.1254852793630925
2026-10,83474.7832,10670.5312,1166,151,0.12782939698608284
2026-11,118454.505,9692.1037,1842,262,0.08182131781311314
2026-12,85175.0328,8655.8269,1820,236,0.10162399256510765
