Customer Name,Sales,Profit,Quantity,Orders,Profit Margin
Aaron Bergman,886.156,129.34650000000002,13,3,0.14596357751908245
Aaron Hawkins,1744.7,365.21519999999987,54,7,0.20932836590817896
Aaron Smayling,3050.692,-253.5746,48,7,-0.08312035433272189
Adam Bellavance,7755.619999999999,2054.5885,56,8,0.2649160866571596
Adam Hart,3250.337,281.18899999999996,75,10,0.08651072181130756
Adam Shillingsburg,3255.31,64.5374,81,9,0.019825270097164328
Adrian Barton,14473.571,5444.8054999999995,73,10,0.3761895043040864
Adrian Hane,1735.5140000000001,-2.3145999999999827,65,7,-0.0013336682965392284
Adrian Shami,58.82,21.8496,9,2,0.37146548792927575
Aimee Bixby,966.71,313.6597,37,5,0.3244610069203794
Alan Barnes,1215.022,262.7301,54,10,0.21623485006855844
Alan Dominguez,6106.88,1869.9294000000002,40,8,0.3062004493292811
Alan Haines,1587.452,-378.5509,28,4,-0.23846447010681268
Alan Hwang,4805.344,1308.5546,53,9,0.2723123672311493
Alan Schoenberger,4260.784,719.7750999999998,41,5,0.16893020157792554
Alan Shonely,584.6080000000001,33.71579999999998,39,7,0.057672491652526095
Alejandro Ballentine,914.5319999999999,264.5675,39,9,0.2892927748837657
Alejandro Grove,2720.386,792.4823,78,9,0.29131244610139884
Alejandro Savely,3214.236,354.62760000000003,39,6,0.11033029310853343
Aleksandra Gannaway,367.548,59.288399999999996,16,4,0.1613079108034869
Alex Avila,5563.56,-362.88250000000005,30,5,-0.06522487400153859
Alex Grayson,660.972,-5.13709999999999,47,5,-0.0077720387550455836
Alex Russell,1073.354,-215.97220000000002,21,6,-0.2012124611265249
Alice McCarthy,814.012,194.98780000000002,48,5,0.23953922055203122
Allen Armold,1056.39,277.3824,41,9,0.26257575327293897
Allen Goldenen,200.945,69.2784,33,5,0.3447629948493369
Allen Rosenblatt,2236.1279999999997,-98.7646,29,5,-0.04416768628629489
Alyssa Crouse,925.8,-62.1342000000001,17,3,-0.06711406351263782
Alyssa Tate,1171.814,100.87680000000002,28,6,0.08608601706414158
Amy Cox,5527.846,1366.0097999999998,43,7,0.24711430094108988
Amy Hunt,2495.3916,-196.12009999999998,35,5,-0.0785929150358605
Andrew Allen,1790.512,435.8274,36,4,0.24340937117427866
Andrew Gjertsen,2356.855,295.6668,93,8,0.12544972007187546
Andrew Roberts,264.864,43.6695,33,5,0.16487518122508157
Andy Gerbode,1455.038,-152.7613,33,4,-0.10498784224192083
Andy Reiter,6608.448,2884.6207999999997,33,6,0.43650503113590355
Andy Yotov,497.014,103.3499,34,4,0.2079416273988258
Anemone Ratner,88.15,32.633,6,1,0.3701985252410664
Angele Hood,738.504,83.963,17,4,0.11369335846522158
Ann Blume,1515.862,-274.9604,38,4,-0.18138880716054626
Ann Chong,2537.686,298.8273,59,5,0.11775582164223626
Ann Steele,833.398,136.49190000000002,34,7,0.16377757086050124
Anna Andreadi,5086.9349999999995,857.8033,64,6,0.16862871257446777
Anna Chung,657.316,-28.700399999999995,16,5,-0.04366301748321963
Anna Gayman,3489.0396,-246.42570000000003,54,7,-0.07062851909161479
Anna Häberlin,7888.294,1298.0166,102,12,0.1645497239327033
Anne McFarland,5664.022,1085.7326,81,8,0.19168933312759026
Anne Pryor,1638.554,285.78880000000004,85,8,0.17441524661378266
Annie Thurman,3831.8639999999996,974.1070000000001,60,10,0.2542123102490068
Annie Zypern,1622.018,154.9503,40,6,0.09552933444635016
Anthony Garverick,170.584,-8.431000000000001,20,4,-0.049424330535102944
Anthony Jacobs,4867.344,150.71299999999997,62,7,0.03096411513137349
Anthony Johnson,4501.391,1158.7064,88,7,0.25741074259045704
Anthony O'Donnell,161.28,12.096,2,1,0.075
Anthony Rawles,4523.336,494.8352,54,8,0.1093960740480035
Anthony Witt,649.3760000000001,65.7725,24,4,0.10128569580643569
Arianne Irving,4375.786,867.7271000000001,72,10,0.19830199648703115
Art Ferguson,2052.908,317.9712,51,7,0.1548881878778786
Art Foster,861.565,-163.1175,37,4,-0.18932698055283118
Arthur Gainer,4510.7970000000005,343.68240000000003,92,10,0.07619105891929963
Arthur Prichep,3323.556,579.3113,102,10,0.1743046604299732
Arthur Wiediger,2852.9680000000003,-104.54860000000001,68,7,-0.036645556487139005
Ashley Jarboe,1839.24,521.1352,40,7,0.2833426850220744
Astrea Jones,629.2479999999999,60.42649999999999,22,3,0.09602970529902359
Barbara Fisher,599.798,227.4384,38,7,0.3791916611926015
Barry Blumstein,744.34,11.583900000000007,26,5,0.015562646102587535
Barry Franz,1333.88,-291.3811,26,4,-0.21844626203256665
Barry Französisch,2888.506,302.02000000000004,78,8,0.10455924273655656
Barry Gonzalez,2798.948,-711.4274,35,8,-0.254176712107549
Barry Pond,983.42,209.78300000000002,30,5,0.21331984299688844
Barry Weirich,385.516,-58.2866,8,3,-0.1511911308480063
Bart Folk,272.95,110.9272,29,3,0.406401172375893
Bart Pistole,3350.874,702.9641999999999,85,14,0.20978532764884622
Bart Watters,4750.358,921.2574,74,8,0.1939343097930724
Becky Castell,2933.676,251.5974,60,9,0.08576182236893236
Becky Martin,11789.630000000001,-1659.9581,64,4,-0.14079815057809278
Becky Pak,1697.861,647.3847000000001,32,6,0.3812942873415433
Ben Ferrer,8430.144,1980.3261,146,13,0.2349101154143986
Ben Peterman,3675.861,363.5991,69,9,0.09891535615737375
Ben Wallace,1738.4060000000002,246.9973,49,6,0.14208263202036805
Benjamin Farhat,1585.162,523.2133,48,4,0.3300692926022703
Benjamin Patterson,1181.49,-197.26950000000002,14,5,-0.16696671152527742
Benjamin Venier,1523.273,315.2214,49,5,0.20693690494087405
Berenike Kampe,659.1379999999999,-63.764399999999995,58,6,-0.09673907436682455
Beth Fritzler,791.99,25.870199999999997,11,3,0.03266480637381785
Beth Paige,2475.157,-319.06370000000004,51,7,-0.12890644916665894
Beth Thompson,2567.656,417.5918,33,5,0.16263541533601072
Bill Donatelli,5718.521,1094.5037,75,12,0.19139628935523714
Bill Eplett,4204.6759999999995,1487.7739000000001,35,5,0.35383794137764724
Bill Overfelt,2682.728,278.77700000000004,43,5,0.1039154919917338
Bill Shonely,10501.653,2616.0644,39,5,0.24910977348042257
Bill Stewart,3887.834,-17.532200000000177,58,5,-0.004509503234963267
Bill Tyler,2186.6130000000003,257.91629999999986,38,6,0.11795242230792546
Bobby Elias,2261.438,755.9151,19,5,0.33426302202403957
Bobby Odegard,130.83,59.4522,7,2,0.4544232974088511
Bobby Trafton,603.876,-77.5256,16,4,-0.12837999854274718
Brad Eason,1727.652,139.2007999999999,40,6,0.08057224487338879
Brad Norvell,265.296,36.6131,15,4,0.13800848863156626
Brad Thomas,415.19599999999997,126.8694,11,2,0.30556508251524583
Bradley Drucker,4411.2429999999995,1142.1225000000002,49,6,0.2589117171735949
Bradley Nguyen,1459.344,340.7054,79,5,0.23346476224933943
Bradley Talbott,2684.4919999999997,409.4983,44,5,0.15254219420285103
Brenda Bowman,6765.728,1015.0749999999998,83,9,0.15003189605021067
Brendan Dodson,320.54,116.714,11,2,0.36411680289511444
Brendan Murry,808.162,95.58160000000001,22,6,0.1182703467869066
Brendan Sweed,2454.928,381.7807,41,6,0.15551604772115518
Brian Dahlen,3332.8709999999996,655.7103000000001,84,9,0.19674037789041343
Brian DeCherney,1538.11,206.75689999999997,27,6,0.13442270058708414
Brian Derr,582.646,141.534,19,3,0.24291593866601677
Brian Moss,7294.185,2199.2781,95,11,0.3015111489494714
Brian Stugart,3288.1099999999997,238.7368,47,3,0.07260608677933525
Brian Thompson,3196.752,447.7484,88,7,0.140063539492585
Brooke Gillingham,1874.172,107.5714999999998,24,6,0.05739681309933122
Brosina Hoffman,6255.351,802.7897999999998,97,8,0.12833649142949768
Bruce Degenhardt,1526.5,333.9791,29,6,0.21878748771699968
Bruce Galang,609.88,208.6624,45,5,0.34213681379943595
Bruce Geld,1006.356,119.34790000000001,22,6,0.11859411579997536
Bruce Stewart,2562.382,-113.29840000000011,45,7,-0.04421604585108704
Bryan Davis,658.466,141.265,21,6,0.21453651365446352
Bryan Mills,1338.842,137.7439,44,10,0.10288286444554323
Bryan Spruell,949.4300000000001,194.0516,22,2,0.20438747459001716
Candace McMahon,1673.8880000000001,214.463,38,6,0.12812267009501233
Cari Sayre,1278.954,185.3776,22,5,0.14494469699457527
Cari Schnelling,537.632,105.8275,16,6,0.19684003184334267
Carl Jackson,16.52,1.652,5,1,0.09999999999999999
Carl Ludwig,1262.0140000000001,328.0847,24,4,0.25996914455782577
Carl Weiss,1136.592,370.8298,40,6,0.32626465785435754
Carlos Daly,2033.9679999999998,426.661,35,5,0.20976780362326253
Carlos Meador,565.392,-43.7324,18,2,-0.07734881285904292
Carlos Soltero,3036.547,-126.42230000000002,68,11,-0.04163357260730693
Carol Adams,3789.7228,1143.3817000000001,29,6,0.3017058925787396
Carol Darley,639.766,-206.7172,22,3,-0.32311376346976867
Carol Triggs,4503.618,400.8580999999999,104,11,0.08900801533344965
Caroline Jumper,11164.974,858.7414,83,8,0.07691387369106278
Cassandra Brandow,6076.139,150.20890000000006,122,10,0.024721109902192832
Catherine Glotzbach,904.468,86.51059999999998,37,6,0.09564804946111967
Cathy Armstrong,1679.7240000000002,211.2559,49,5,0.1257682214459042
Cathy Hwang,1537.236,195.15109999999999,13,3,0.12694934284651152
Cathy Prescott,5402.254,427.0258000000001,57,8,0.0790458575253959
Chad Cunningham,1770.945,208.5911999999999,46,6,0.11778525024774904
Chad McGuire,1661.6100000000001,409.0679,35,4,0.24618767340109893
Chad Sievert,884.64,143.8339,28,4,0.1625903192258998
Charles Crestani,2471.65,392.2825,31,7,0.15871280318815367
Charles McCrossin,2533.314,-394.3686,23,6,-0.15567300382029234
Charles Sheldon,844.4580000000001,113.14050000000002,30,5,0.13398002032072645
Charlotte Melton,1475.144,91.20329999999998,21,6,0.06182670979917892
Chloris Kastensmidt,3154.855,141.2831,122,13,0.04478275546736696
Chris Cortes,3913.418,393.9617999999999,81,12,0.10066949147778231
Chris McAfee,2305.712,365.0387,28,5,0.15831929573164386
Chris Selesnick,2754.216,738.3626,97,12,0.2680844930099891
Christina Anderson,2648.2872,279.6183,65,9,0.1055845831222535
Christina DeMoss,1205.584,233.0274,39,2,0.19329005693506215
Christina VanderZanden,2830.628,493.0861,54,5,0.17419671535786405
Christine Abelman,1421.954,246.02179999999998,25,4,0.1730167079947734
Christine Kargatis,2945.321,261.2208999999998,46,5,0.08869012919135123
Christine Phan,5888.275,-1850.3029000000001,59,8,-0.31423513677605075
Christine Sundaresam,3202.1620000000003,831.9431999999999,74,11,0.259806718086093
Christopher Conant,12129.072,2177.0493,34,5,0.17949017863856362
Christopher Martinez,8954.02,3899.8903999999998,34,4,0.43554631327604804
Christopher Schild,3651.8585000000003,-342.8033000000001,47,9,-0.09387091531613288
Christy Brittain,1949.2000000000003,272.3883,44,8,0.1397436384157603
Chuck Clark,4606.952,314.2226999999998,83,12,0.06820620227864319
Chuck Magee,287.99,64.4296,32,3,0.2237216570019792
Chuck Sachs,550.644,156.2593,13,2,0.2837755428189538
Cindy Chapman,1659.438,154.8509999999999,40,9,0.09331532723729354
Cindy Schnelling,1077.2285,-302.8761,33,4,-0.2811623532054713
Cindy Stewart,5690.055,-6626.3895,40,6,-1.1645563179969263
Claire Gute,1148.78,169.9344,14,3,0.1479259736416024
Claudia Bergmann,4246.4555,1049.5600999999997,74,8,0.2471614502966061
Clay Cheatham,113.832,33.8706,14,3,0.2975490196078432
Clay Ludtke,10880.546,1933.7831,106,12,0.17772849818382278
Clay Rozendal,2148.852,74.40129999999999,32,4,0.03462374328245966
Clytie Kelty,2372.75,497.7098,108,11,0.20976074175534715
Corey Catlett,2540.631,331.43399999999997,39,7,0.13045341885539458
Corey Roper,475.9,144.7594,14,3,0.3041802899768859
Corey-Lock,1300.076,205.6282,30,5,0.1581662918167861
Corinna Mitchell,6339.5576,1572.4585,42,6,0.24803915339455232
Craig Carreira,2269.7015,187.83989999999983,47,7,0.08275973734872177
Craig Carroll,2854.1150000000002,850.1591000000001,51,4,0.2978713541675791
Craig Leslie,2353.5860000000002,229.00989999999987,34,5,0.09730254173843651
Craig Molinari,3984.4524,176.31079999999972,57,4,0.044249694136137684
Craig Reiter,1600.55,306.91759999999994,18,4,0.19175758333073004
Craig Yedwab,2900.026,60.646699999999925,43,8,0.020912467681324213
Cyma Kinney,1582.109,-338.4311,64,9,-0.21391136767441435
Cynthia Arntzen,3041.566,204.48950000000002,72,7,0.06723164974884649
Cynthia Delaney,1860.732,403.8422,49,5,0.21703404896567588
Cynthia Voltz,2370.3136,98.99749999999997,62,9,0.04176557059791581
Cyra Reiten,1397.8724,83.27029999999999,26,3,0.059569314051840495
Damala Kotsonis,3256.48,881.1228,86,12,0.27057522232594705
Dan Campbell,3336.168,-1441.6313,64,9,-0.43212191352473855
Dan Lawera,1503.112,322.2448999999999,51,8,0.21438515559718763
Dan Reichenbach,6528.034,1641.8613,103,9,0.2515093058645222
Dana Kaydos,4282.176,937.6496,65,5,0.21896568473598466
Daniel Byrd,2171.5989999999997,431.3748,47,8,0.19864385643942553
Daniel Lacy,3272.2,4.213200000000015,43,6,0.0012875741091620363
Daniel Raglin,8350.868,2869.0759999999996,57,8,0.3435662017409447
Dario Medina,1322.034,108.75829999999999,28,7,0.0822658872615984
Darren Budd,2839.2272000000003,213.00289999999987,43,5,0.0750214354103116
Darren Koutras,1687.04,-107.35379999999998,32,5,-0.06363441293626707
Darren Powers,1050.636,241.45239999999995,58,9,0.2298154641569487
Darrin Martin,6345.103,1677.3931,87,7,0.2643602633400908
Darrin Sayre,1762.213,193.33190000000002,54,4,0.10970972294495615
Darrin Van Huff,1119.483,-427.1840000000001,28,5,-0.3815904305826887
Dave Brooks,4531.646,473.02720000000005,48,7,0.10438308729322636
Dave Hallsten,4932.872,1193.7404,81,6,0.24199703539844533
Dave Kipp,2650.557,536.3935,33,7,0.2023701056042183
Dave Poirier,2215.002,563.1761,63,8,0.2542553460448343
David Bremer,2973.094,-1421.7692000000002,59,7,-0.47821199060641884
David Flashing,2390.534,-259.3097,23,3,-0.10847354607798927
David Kendrick,797.832,249.9447,20,2,0.31327986342989506
David Philippe,1058.616,-40.93759999999999,20,2,-0.03867086837909118
David Smith,2881.8128,163.69930000000002,68,9,0.056804279584017396
David Wiener,1080.751,-86.87380000000002,39,6,-0.08038280788081623
Dean Braden,2332.577,169.9679,75,10,0.0728670050334887
Dean Katz,4802.394,209.89940000000007,70,9,0.04370724267938034
Dean percer,7198.761,333.3647999999999,99,11,0.046308635611044716
Deanra Eno,2550.874,464.4714000000001,38,5,0.18208323892124822
Deborah Brumfield,4655.897,841.8264,52,8,0.18080863902272754
Debra Catini,1174.618,132.06820000000002,37,5,0.11243502142824308
Deirdre Greer,3195.818,562.7761,39,5,0.17609766889103196
Delfina Latchford,1458.258,288.8732,74,8,0.19809471300688902
Denise Leinenbach,585.0200000000001,222.6812,32,4,0.3806386106457898
Denise Monton,4074.4719999999993,1319.0586,41,8,0.3237373087850402
Dennis Bolton,1081.466,291.0085,28,5,0.269087054054404
Dennis Kane,3318.486,377.0798999999999,77,8,0.11363010119675054
Dennis Pardue,5480.724,1571.8318000000002,50,9,0.28679273030351465
Denny Blanton,3674.684,1221.0182,100,8,0.33227842176361283
Denny Joy,2012.52,483.03499999999997,20,4,0.24001500606205153
Denny Ordway,1300.0315,-38.90860000000001,48,9,-0.029928967105797056
Dianna Arnett,156.76,56.7904,27,4,0.3622760908394999
Dianna Vittorini,3341.587,353.2127,62,6,0.10570208107704512
Dianna Wilson,5271.628,1348.7556,38,5,0.2558518165545824
Dionis Lloyd,3539.322,-52.7879999999999,33,8,-0.01491472095503034
Don Jones,2501.688,345.2521,52,8,0.1380076572298384
Don Miller,1376.792,199.7688,33,3,0.1450972986478713
Don Weiss,344.08,69.66720000000001,21,5,0.20247384329225765
Dorothy Badders,3908.8028,109.32700000000001,61,7,0.027969433505317796
Dorothy Dickinson,269.542,36.4344,33,6,0.1351715131593592
Dorothy Wardle,1204.854,-266.8966,44,7,-0.221517793857181
Dorris liebe,755.602,175.2388,19,5,0.2319194496573593
Doug Bickford,1989.0500000000002,438.8012,41,7,0.22060843116060427
Doug Jacobs,3356.398,731.5644,43,3,0.2179611595525918
Doug O'Connell,2043.296,658.7829,38,9,0.32241187767215324
Duane Benoit,1155.202,177.67350000000002,33,7,0.1538029712552437
Duane Huffman,1043.096,116.66700000000002,41,4,0.11184684822873447
Duane Noonan,2139.79,540.5405000000001,41,7,0.25261380789703664
Ed Braxton,3644.978,13.621500000000001,55,9,0.003737059592677926
Ed Jacobs,2162.174,387.01759999999996,31,4,0.17899466000423647
Ed Ludwig,124.28,27.115399999999987,9,2,0.21817991631799152
Edward Becker,3236.314,-80.28599999999999,91,10,-0.02480785239009564
Edward Hooks,10310.880000000001,1393.5153999999998,120,12,0.13514999689648213
Edward Nazzal,2199.366,496.1131,27,4,0.22557095999483487
Eileen Kiefer,1303.4779999999998,97.1066,18,4,0.0744980736153583
Eleni McCrary,2567.0099999999998,-133.8275000000001,23,5,-0.052133610698828645
Elizabeth Moffitt,2339.598,682.5541999999999,57,8,0.2917399484868768
Ellis Ballard,4358.128,656.1988,41,5,0.1505689598836932
Elpida Rittenbach,1245.788,-295.73980000000006,27,3,-0.23739175525851916
Emily Burns,2767.219,261.5315,41,10,0.0945105898738047
Emily Ducich,3484.92,670.4435,54,8,0.1923841867245159
Emily Grady,1832.02,104.2656,44,5,0.05691291579786247
Emily Phan,5478.0608,144.95780000000002,124,17,0.026461517185059357
Eric Barreto,944.6000000000001,0.6042000000000058,24,5,0.0006396358246877046
Eric Hoffmann,684.1709999999999,53.53980000000001,72,8,0.07825499765409527
Eric Murdock,933.704,102.29599999999999,18,5,0.10955934643098883
Erica Bern,1643.255,162.8781,18,4,0.09911918722292035
Erica Hackney,825.95,150.3759,20,6,0.18206416853320417
Erica Hernandez,1219.53,-94.14079999999997,50,7,-0.07719432896279713
Erica Smith,3510.458,1003.2935,31,5,0.285801311395835
Erin Ashbrook,2846.705,-52.74059999999996,87,13,-0.018526893373215687
Erin Creighton,461.914,96.4256,37,5,0.20875227856267617
Erin Mull,228.99,40.154599999999995,22,4,0.1753552556880213
Erin Smith,4657.924,246.66610000000009,77,9,0.05295623114503373
Eudokia Martin,1041.0420000000001,240.2362,34,4,0.23076513723749856
Eugene Barchas,3071.126,184.7656,30,6,0.06016216853362578
Eugene Hildebrand,3143.4829999999997,117.8102,84,14,0.03747760048328558
Eugene Moren,4588.436,1319.3655,74,6,0.28754144113593394
Eva Jacobs,2656.691,451.87549999999993,31,5,0.17008959641900392
Evan Bailliet,1186.326,282.1701,20,6,0.23785207438764722
Evan Henry,923.884,242.1107,22,6,0.26205746608881636
Evan Minnotte,366.822,21.77209999999996,13,3,0.059353310324898614
Filia McAdams,2456.638,249.6808,48,10,0.10163516155005337
Frank Atkinson,2984.054,520.5229000000002,58,7,0.17443481250674422
Frank Carlisle,3418.742,1217.1662000000001,50,7,0.3560275095342088
Frank Gastineau,2124.784,692.4281000000001,70,11,0.3258816425575494
Frank Hawley,4256.272,1073.2676,65,10,0.2521614220143825
Frank Merwin,3736.1980000000003,198.1095,79,9,0.053024357916791345
Frank Olsen,2678.438,215.59689999999986,60,10,0.08049351898382559
Frank Preis,4046.746,406.44730000000004,54,8,0.1004380556625002
Fred Chung,3889.366,714.2926,37,7,0.18365270843628498
Fred Harton,2271.284,706.289,52,4,0.3109646349817988
Fred Hopkins,6987.196,2050.2826,52,8,0.2934342474434666
Fred McMath,2731.996,218.0138,63,11,0.07980019004420211
Fred Wasserman,79.75,23.491300000000003,9,3,0.2945617554858935
Gary Hansen,2819.467,-576.8335,65,9,-0.20458955540178336
Gary Hwang,4172.846,1176.4180999999999,51,4,0.28192224203816774
Gary McGarr,3582.82,347.266,43,7,0.09692532697707393
Gary Mitchum,3078.6240000000003,793.2814000000001,54,6,0.257674012805721
Gary Zandusky,4355.15,1087.7539,48,9,0.24976267177938763
Gene Hale,1361.2440000000001,-95.4498,15,2,-0.07011953771697065
Gene McClure,1255.682,441.3185,53,10,0.3514572160785931
George Ashbrook,3919.7760000000003,840.899,48,8,0.21452730972382095
George Bell,1568.44,7.837100000000017,62,11,0.004996748361429201
George Zrebassa,2529.11,860.6918000000001,38,8,0.34031410258944844
Georgia Rosenberg,1284.38,359.83320000000003,23,2,0.2801610115386412
Giulietta Baptist,4716.288,1135.8393,63,5,0.24083332061146398
Giulietta Dortch,1888.07,230.93729999999996,25,4,0.12231395022430311
Giulietta Weimer,2189.0190000000002,-268.5423,43,7,-0.12267700737179531
Grace Kelly,6497.27,1448.5525,66,9,0.2229478688741579
Grant Thornton,9351.212,-4108.6589,26,3,-0.4393718054943039
Greg Guthrie,8584.092,1415.2423000000001,133,11,0.1648680256455779
Greg Hansen,146.9408,-5.810200000000001,9,2,-0.03954109410048129
Greg Matthias,3163.628,35.48649999999999,31,6,0.01121702678064551
Greg Maxwell,6049.966,188.72350000000012,44,3,0.031194142248072154
Greg Tran,11820.119999999999,2163.4268999999995,106,11,0.18302918244484825
Guy Armstrong,1398.382,136.70790000000002,79,11,0.09776148434404906
Guy Phonely,236.53,31.837600000000002,21,2,0.13460279879930664
Guy Thornton,226.436,-6.139200000000002,23,4,-0.027112296631277722
Hallie Redmond,1299.288,185.5794,38,5,0.14283161239078634
Harold Dahlen,251.36,-135.87599999999998,31,3,-0.540563335455124
Harold Engle,883.532,274.4028,44,4,0.3105748292082234
Harold Pawlan,1990.314,373.8637,44,7,0.18784156670756472
Harold Ryan,5248.787,1196.9504,51,7,0.2280432412288782
Harry Greene,785.628,147.00320000000002,31,5,0.1871155305055319
Harry Marie,8236.7648,2437.9835999999996,76,10,0.2959880073302566
Harry Olson,1087.916,329.353,38,4,0.302737527529699
Heather Jas,358.1,98.6548,21,5,0.2754951130969003
Heather Kirkland,4877.784000000001,956.9451000000001,64,8,0.19618439438892743
Helen Abelman,2163.2999999999997,270.8574000000001,45,7,0.12520565802246575
Helen Andreada,2584.158,99.1444999999998,72,8,0.03836626862598951
Helen Wasserman,9300.254,2164.1611,85,8,0.23269913918480073
Henia Zydlo,886.52,-130.3879,21,5,-0.14707835130623112
Henry Goldwyn,3247.642,-2797.9635,68,12,-0.8615369243284821
Henry MacAllister,736.276,117.2755,29,4,0.15928198121356665
Herbert Flentye,2533.1639999999998,-13.876799999999976,70,7,-0.005478050374946106
Hilary Holden,218.668,86.73419999999999,20,2,0.39664788629337616
Hunter Glantz,3690.284,804.6112999999999,38,7,0.21803506180012158
Hunter Lopez,12873.297999999999,5622.4292,50,6,0.43675126607027975
Ionia McGrath,2872.63,975.7701,19,3,0.33967830872754234
Irene Maddox,4930.474,514.6527,93,7,0.10438199248185874
Ivan Gibson,744.574,320.4982,19,4,0.4304450598597319
Ivan Liston,5040.736,1121.937,60,7,0.22257404474267248
Jack Garza,2358.676,684.1911,20,3,0.2900742196045578
Jack Lebron,1214.956,-207.79559999999998,42,6,-0.1710313789141335
Jack O'Briant,3254.949,581.4044999999999,59,9,0.17862169269011585
James Galang,6366.392,1415.6664,70,11,0.22236557221107342
James Lanier,1571.523,209.2817,29,5,0.13317126125421008
James Peterman,515.2,186.676,45,5,0.3623369565217391
Jamie Frazer,2279.5860000000002,575.1259,72,7,0.2522940130357003
Jamie Kunitz,4427.142,1219.983,67,5,0.2755689788129678
Jane Waco,8846.354000000001,2530.5094,154,10,0.28605111213048895
Janet Lee,2203.7,54.51739999999992,39,5,0.02473902981349545
Janet Martin,3159.1220000000003,19.823500000000045,91,6,0.00627500299133748
Janet Molinari,1804.146,502.6143,52,5,0.2785884845239798
Jas O'Carroll,1934.272,202.1362,36,6,0.10450246914601463
Jason Fortune-,955.124,97.289,42,5,0.10186007261884321
Jason Gross,2240.58,3.797600000000017,46,6,0.001694918280088199
Jason Klamczynski,383.812,55.32769999999999,15,3,0.14415312705178573
Jasper Cacioppo,71.263,-0.3555999999999999,12,4,-0.004989966742910064
Jay Fein,1911.844,330.199,58,6,0.17271231334774176
Jay Kimmel,2709.632,330.2838,72,8,0.12189249315036137
Jenna Caffey,1058.1080000000002,502.9244,14,1,0.4753053563530376
Jennifer Braxton,1830.4850000000001,174.71439999999996,49,12,0.09544705364971576
Jennifer Ferguson,2371.4480000000003,635.6376,69,6,0.26803775583525336
Jennifer Halladay,309.281,-24.077100000000005,29,4,-0.07784862309679548
Jennifer Jackson,709.178,200.5558,25,5,0.28280036887777116
Jennifer Patt,1669.135,429.74649999999997,54,7,0.2574665919772816
Jennifer Sheldon,19.98,8.991,2,2,0.44999999999999996
Jeremy Ellison,1388.682,276.2197,49,6,0.19890781330787033
Jeremy Farry,1082.918,-18.06730000000001,36,11,-0.016683904044442897
Jeremy Lonsdale,3173.874,591.7163,56,6,0.1864334564006007
Jeremy Pistek,3635.594,757.1801999999999,63,7,0.2082686350566097
Jessica Myrick,2070.063,394.6255,54,9,0.1906345362435829
Jesus Ocampo,1090.838,167.6709,42,5,0.15370834166026487
Jill Fjeld,4198.332,1073.2087999999999,67,8,0.25562742536797944
Jill Matthias,303.948,113.1204,26,5,0.37217023964625534
Jill Stevenson,1417.654,-175.54899999999998,35,4,-0.12383063850558738
Jill Trafton,144.588,-197.6036,2,2,-1.3666666666666667
Jim Epp,7754.976,1623.4019,74,7,0.20933680516870717
Jim Karlsson,3760.0280000000002,750.9484999999999,44,7,0.19971885847658577
Jim Kriz,4760.433999999999,1172.5303000000001,41,9,0.246307437515151
Jim Mitchum,864.947,117.20399999999998,41,5,0.1355042563301566
Jim Radford,1156.658,-785.1645,14,2,-0.6788216568769679
Jim Sink,1131.064,-54.86920000000002,42,4,-0.048511136416683774
Jocasta Rupert,863.88,107.985,3,1,0.125
Joe Elijah,10461.458999999999,1443.1773999999998,129,12,0.1379518287076401
Joe Kamberova,4867.2,55.0483000000001,88,10,0.01131005506245893
Joel Eaton,6760.815,221.7967000000001,90,13,0.03280620753562997
Joel Jenkins,195.0,34.449200000000005,11,2,0.17666256410256412
John Castell,2772.055,279.5692000000001,64,9,0.1008526887092789
John Dryer,2152.3520000000003,-266.5525,26,5,-0.12384242911940053
John Grady,1507.018,206.1019,46,6,0.13676140563682715
John Huston,528.91,26.0822,29,6,0.04931311565294663
John Lee,9799.923,228.90700000000004,143,11,0.023358040670319553
John Lucas,2725.256,779.9046,38,6,0.28617663808464233
John Murray,7625.076,1574.6163999999999,50,7,0.20650501057300935
John Stevenson,3868.02,564.9798,43,5,0.14606434299719234
Jonathan Doherty,7610.8640000000005,1050.2668,150,11,0.13799573872296234
Jonathan Howell,959.477,-13.55449999999999,35,7,-0.014126967087277746
Joni Blumstein,900.5519999999999,-286.98080000000004,32,3,-0.31867210333217855
Joni Sundaresam,469.169,-327.9336,37,5,-0.6989668967898561
Joni Wasserman,1244.086,-29.575899999999983,41,7,-0.023773195743702593
Joseph Airdo,6491.026,-819.4217,87,8,-0.1262391646559419
Joseph Holt,7954.9980000000005,-644.6981999999999,64,6,-0.08104316305296368
Joy Bell-,644.1188,126.76490000000001,32,7,0.19680360206843833
Joy Daniels,385.43,26.7605,39,6,0.06943024673741016
Joy Smith,2516.494,-311.25750000000005,70,6,-0.12368696289361311
Julia Barnett,2518.1150000000002,201.51850000000002,32,5,0.08002752058583504
Julia Dunbar,695.442,111.11409999999998,17,3,0.1597747907086428
Julia West,1428.731,154.06369999999998,38,4,0.1078325451047118
Juliana Krohn,3747.668,586.6625,43,3,0.1565406807646782
Julie Creighton,858.576,201.5952,43,5,0.23480181137138703
Julie Kriz,2932.484,122.65659999999997,49,10,0.041826860777416
Julie Prescott,1707.71,309.7116,47,9,0.18136076968571946
Justin Deggeller,8828.0305,1619.5198999999998,60,8,0.18345200551810503
Justin Ellison,2697.248,789.6476,34,3,0.2927604728968193
Justin Hirsh,2256.394,-96.95300000000012,28,4,-0.04296811638392946
Justin MacKendrick,2833.9260000000004,754.1143999999999,74,10,0.26610236117668556
Justin Ritter,2201.686,452.37300000000005,41,5,0.20546662875632585
Kalyca Meade,2260.958,635.1057,72,6,0.28090114898198015
Karen Bern,3152.6150000000002,763.9076,34,7,0.24230919411345817
Karen Carlisle,2120.954,846.1217,40,6,0.39893448891395095
Karen Daniels,8282.358,1107.6952000000003,64,5,0.13374152626582916
Karen Ferguson,10604.266,1660.1386,67,7,0.15655384351920257
Karen Seio,88.47200000000001,0.11099999999999888,10,3,0.001254634234560074
Karl Braun,1569.464,49.71929999999999,62,9,0.03167915925436964
Katharine Harms,3312.864,454.7870999999999,70,8,0.13727913370425104
Katherine Ducich,1888.964,328.5942,36,6,0.1739547180359181
Katherine Hughes,3100.612,528.2051,40,6,0.1703551105394677
Katherine Murray,5620.186,973.7901999999999,69,8,0.17326654313576098
Katherine Nockton,2617.272,-151.1518,56,9,-0.05775165897927308
Katrina Bavinger,908.821,274.29699999999997,25,3,0.3018163092622199
Katrina Edelman,1686.7312,397.87989999999996,67,8,0.23588814862735685
Katrina Willman,4416.52,1756.1349999999998,42,5,0.3976286759711265
Kean Nguyen,2171.962,114.30829999999989,49,5,0.05262905152115916
Kean Takahito,3057.1,254.0031999999999,45,7,0.083086323640051
Kean Thornton,4642.088400000001,194.06709999999987,37,10,0.04180598973513728
Keith Dawkins,8181.256,3038.6254000000004,84,12,0.37141306909354754
Keith Herrera,5952.859,656.1161999999999,91,7,0.11021866971819758
Kelly Andreada,1519.506,234.91940000000002,57,7,0.15460248264896617
Kelly Collister,3908.2619999999997,709.4219,28,4,0.18151851129734908
Kelly Lampkin,5016.488,-182.78130000000002,84,8,-0.036436108289305186
Kelly Williams,449.096,107.92699999999999,22,4,0.24032055507063077
Ken Black,2744.742,579.3551,102,12,0.21107816326634707
Ken Brennan,983.922,293.55240000000003,29,7,0.29834925939251283
Ken Dana,2243.51,539.7219,56,5,0.24057031169907866
Ken Heidel,3918.9660000000003,727.3786,84,9,0.18560472328670366
Ken Lonsdale,14175.229,806.8549999999999,113,12,0.05692006809907621
Khloe Miller,453.538,91.1391,30,5,0.20095140870224765
Kimberly Carter,1146.05,156.7797,40,4,0.13680005235373674
Kristen Hastings,5990.799,1227.5091,69,7,0.2048990627126699
Kristina Nunn,2280.58,329.7625,55,8,0.14459589227301828
Kunst Miller,4909.472,745.7685,98,8,0.15190401330326359
Larry Blacks,50.188,18.6507,12,3,0.3716167211285566
Larry Hughes,287.426,12.627699999999999,12,3,0.04393374294601045
Larry Tron,329.876,59.036,8,3,0.17896421685724334
Laura Armstrong,8673.222,2059.1199,105,11,0.23741118352556873
Laurel Beltran,4985.676,-52.19099999999997,76,8,-0.010468189268616725
Laurel Elliston,1469.4499999999998,161.76489999999998,32,6,0.11008533805165198
Laurel Workman,2238.061,32.57670000000002,50,5,0.014555769480813979
Lauren Leatherbury,2741.2039999999997,560.0078,50,6,0.2042926392928071
Lela Donovan,5.304,0.4641,3,1,0.0875
Lena Cacioppo,2580.704,-188.2511,113,8,-0.07294563808945156
Lena Creighton,7663.126,1288.3469,93,12,0.168122891363133
Lena Hernandez,2295.332,526.0726999999999,64,9,0.2291924218370153
Lena Radford,5142.892,535.4763999999999,64,6,0.10411970541088553
Linda Cazamias,4492.946,288.2660000000001,52,8,0.06415968498174696
Linda Southworth,2845.27,-318.7737000000001,51,6,-0.11203636210271788
Lindsay Castell,3246.6259999999997,299.48019999999997,30,4,0.09224351680791074
Lindsay Shagiari,2988.674,262.63669999999996,63,9,0.08787733289077362
Lindsay Williams,3230.308,662.8339,38,6,0.20519216743418894
Lisa DeCherney,1961.934,557.1714,25,4,0.2839908987764114
Lisa Hazard,318.239,-242.73989999999998,34,4,-0.762759749747831
Lisa Ryan,1879.306,-382.8079,44,5,-0.2036964177201584
Liz Carlisle,2095.064,86.778,43,5,0.04142021437053952
Liz MacKendrick,1346.774,-44.878,32,5,-0.03332259161522275
Liz Pelletier,756.606,110.7813,39,4,0.14641874370544247
Liz Preis,3653.399,338.4454,52,7,0.0926384991072697
Liz Thompson,2936.252,320.973,63,8,0.1093138463592362
Liz Willingham,1259.04,192.6312,15,3,0.15299847502859323
Logan Currie,2633.582,231.1252,62,9,0.08776077600773396
Logan Haushalter,1739.689,316.5202,44,9,0.1819406802020361
Lori Olson,644.35,150.17120000000003,34,5,0.23305843097695356
Luke Foster,3930.509,-3583.977,69,7,-0.91183533735707
Luke Schmidt,1010.256,244.197,54,6,0.24171794079916378
Luke Weiss,5420.514,837.2411,59,7,0.15445787982468082
Lycoris Saunders,368.88,39.1952,16,3,0.10625460854478422
Lynn Smith,1008.136,348.3584,47,6,0.3455470293690534
Magdelene Morse,1314.0230000000001,178.402,17,4,0.13576779097473937
Marc Crier,2725.982,461.0014,54,8,0.16911388263018612
Marc Harrigan,2394.025,28.76120000000002,55,6,0.012013742546548184
Maria Bertelson,1548.702,212.425,63,10,0.13716325025731227
Maria Etezadi,10663.728000000001,1859.4695,82,10,0.17437330547065713
Maria Zettner,593.606,85.01910000000001,11,4,0.14322479894071152
Maribeth Dona,3766.382,-241.94999999999985,64,7,-0.0642393681787986
Maribeth Schnelling,7443.6900000000005,844.9355,105,10,0.1135103020141892
Maribeth Yedwab,2254.285,319.1211,49,7,0.1415620030297855
Marina Lichtenstein,2722.843,684.9162,72,9,0.25154450697304254
Maris LaWare,2921.5,-76.17550000000003,51,6,-0.026074105767585155
Mark Cousins,4432.138,1802.3903,48,5,0.40666384936570116
Mark Haberlin,400.01599999999996,61.428599999999996,25,4,0.15356535738570457
Mark Hamilton,2456.1820000000002,484.7733,45,8,0.19736863962035384
Mark Packer,3206.132,600.2873,77,7,0.18723099984654404
Mark Van Huff,1560.05,189.0258,52,9,0.12116650107368354
Mary O'Rourke,922.4870000000001,59.35769999999991,15,4,0.06434529700689538
Mary Zewe,2564.906,787.7503,39,6,0.307126382019458
MaryBeth Skach,475.65599999999995,84.0268,21,4,0.17665455707486083
Mathew Reese,639.178,162.9363,29,4,0.25491537568564626
Matt Abelman,4299.161,1240.2266,117,11,0.28848107805220596
Matt Collins,1303.893,210.7493,40,8,0.1616308240016627
Matt Collister,2426.067,288.98409999999996,47,6,0.11911628986338793
Matt Connell,2258.192,195.4486,60,8,0.08655092215365212
Matt Hagelstein,1252.8,122.3612,19,4,0.09767017879948915
Matthew Clasen,795.154,-247.94350000000003,33,4,-0.3118182138302769
Matthew Grinstein,3785.276,341.898,57,7,0.09032313627856992
Maureen Fritzler,937.039,-341.5265,36,5,-0.3644741574256781
Maureen Gastineau,2350.188,25.888600000000004,25,4,0.011015544288371825
Maureen Gnade,1342.282,-398.79319999999996,23,3,-0.2971009072609183
Maurice Satty,1613.402,247.4347999999999,48,6,0.15336215028864467
Max Engle,1908.4532,77.81280000000001,46,8,0.04077270535111891
Max Jones,6320.746,1054.5529000000001,50,7,0.16683994262702537
Max Ludwig,2071.914,409.5111999999999,53,7,0.19764874410810482
Maxwell Schwartz,3144.678,280.8584000000001,73,9,0.08931229206933113
Maya Herman,2203.7780000000002,238.5614,42,7,0.10825110333254981
Meg O'Connel,1687.027,169.3437,49,8,0.10037995835277089
Meg Tillman,2890.1389999999997,509.0068,31,6,0.17611844966626175
Melanie Seite,370.348,19.4312,14,4,0.0524674090315055
Michael Chen,3805.714,698.4174,45,7,0.1835180993632207
Michael Dominguez,1204.9099999999999,-4.040300000000036,45,5,-0.003353196504303256
Michael Grace,1242.833,-470.7684,23,5,-0.3787865304509938
Michael Granlund,776.384,171.7372,35,9,0.22120136427334927
Michael Kennedy,2302.368,-405.3559,73,8,-0.1760604299573309
Michael Knudson,225.696,-74.1416,48,7,-0.32850205586275344
Michael Moore,3794.08,82.12499999999997,68,11,0.021645563614894777
Michael Nguyen,2477.946,290.8227,36,6,0.11736442198498273
Michael Oakman,154.288,-82.00740000000002,14,2,-0.5315215700508141
Michael Paige,4198.826,666.4857999999999,74,11,0.15873146446173286
Michael Stewart,855.116,55.226,49,6,0.06458305072060398
Michelle Arnett,2453.284,280.78220000000005,42,6,0.11445156777609117
Michelle Ellison,1256.944,107.3604,15,4,0.08541382909660256
Michelle Huthwaite,2984.948,476.90319999999997,31,5,0.1597693494158022
Michelle Lonsdale,742.082,138.71620000000001,18,3,0.18692839874838632
Michelle Moray,2749.881,-520.3443000000001,73,8,-0.1892242973423214
Michelle Tran,1319.4497999999999,-23.6763,44,4,-0.01794407032385772
Mick Brown,1428.231,117.8056999999999,39,7,0.08248364585280665
Mick Crebagga,2218.98,-64.16680000000011,73,10,-0.028917250268141268
Mick Hernandez,5503.093,170.9746,79,9,0.031068818935097046
Mike Caudle,1581.998,121.75650000000009,34,5,0.07696375090234
Mike Gockenbach,3061.543,-93.603,42,4,-0.03057379889813731
Mike Kennedy,1031.602,227.8338,43,4,0.22085436049949494
Mike Pelletier,5087.92,226.4529,78,9,0.04450795216905926
Mike Vittorini,1734.574,273.8582,37,7,0.15788210822945575
Mitch Gastineau,16.739,-1.2453,8,1,-0.07439512515681941
Mitch Webber,5341.900000000001,1238.422,51,7,0.23183174525917744
Mitch Willingham,5253.876,1665.516,13,2,0.3170071010431156
Monica Federle,1758.3000000000002,456.86080000000004,38,5,0.2598309730990161
Muhammed Lee,162.23200000000003,42.6648,7,2,0.26298634054933673
Muhammed MacIntyre,775.414,58.8916,32,9,0.07594859004351223
Muhammed Yedwab,4152.696,-371.7111,89,11,-0.08951079009876957
Nancy Lomonaco,1418.0900000000001,343.6381,44,4,0.24232460563151842
Naresj Patel,5529.62,1208.8890000000001,77,6,0.21862062854228684
Nat Carroll,2461.404,580.3075,54,5,0.23576280041797285
Nat Gilpin,1869.58,313.63349999999997,45,5,0.16775612704457685
Natalie DeCherney,4326.139,353.64549999999997,63,9,0.08174621758570401
Natalie Fritzler,8322.826,-1695.9714000000004,52,7,-0.2037735019331175
Natalie Webber,7234.014,1023.1229999999999,78,7,0.14143226706500706
Nathan Cano,2218.9900000000002,-2204.8072,38,6,-0.9936084434810432
Nathan Gelder,1395.938,217.0893,41,5,0.1555150013825829
Nathan Mautz,6459.344,2751.6849,44,7,0.4260006743718867
Neil Cohen,382.144,-52.742000000000004,26,6,-0.13801603583989283
Neil Ducich,2893.455,443.3367999999999,36,6,0.15322056157776773
Neil Französisch,377.162,85.92779999999999,13,4,0.22782729967494073
Neil Knudson,572.048,121.21770000000001,51,7,0.21190127401896347
Neola Schneider,2575.863,-12.304000000000041,52,4,-0.004776651553285265
Neoma Murray,2161.979,788.9525,60,10,0.3649214446578806
Nick Crebassa,8241.739,1314.7580000000003,64,7,0.15952434310283306
Nick Radford,2367.277,-25.148800000000016,37,5,-0.010623513851568707
Nick Zandusky,2488.3100000000004,402.4236,77,9,0.16172566922931628
Nicole Brennan,273.87199999999996,24.788800000000002,7,2,0.0905123561371736
Nicole Fjeld,7003.068,1167.0987,103,11,0.16665534305821392
Nicole Hansen,2673.29,760.1666,52,7,0.2843562052751479
Noah Childs,1821.7420000000002,-359.02099999999996,29,5,-0.1970756561576776
Noel Staavos,2964.823,-234.7714,113,13,-0.07918563772609698
Nona Balk,1972.599,117.64290000000001,64,9,0.059638527648042006
Nora Paige,3908.402,514.6002,46,5,0.13166511530799543
Nora Pelletier,1228.698,514.5017,23,6,0.4187373138069729
Nora Preis,7903.1825,631.2281999999999,63,7,0.07987012826794775
Odella Nelson,1567.52,-5.88900000000001,58,9,-0.003756889864244163
Olvera Toch,3818.624,-925.1203,51,5,-0.24226535526933266
Pamela Coakley,1832.064,272.685,22,4,0.14884032435548103
Pamela Stobb,2181.479,-134.44099999999997,75,6,-0.06162837231071213
Parhena Norris,1467.152,192.03959999999998,47,8,0.13089277729914825
Patricia Hirasaki,729.648,47.88779999999999,6,1,0.06563137293599104
Patrick Bzostek,740.356,229.2257,54,3,0.30961550929552806
Patrick Gardner,3086.9069999999997,137.46130000000002,83,13,0.0445304312698763
Patrick Jones,1220.0900000000001,442.13550000000004,46,8,0.3623794146333467
Patrick O'Brill,7473.8282,38.4756999999999,91,11,0.005148057858755691
Patrick O'Donnell,2493.214,437.8533,54,7,0.17561801754682912
Patrick Ryan,1840.178,247.6225999999999,43,5,0.13456448234899007
Paul Gonzalez,1987.164,334.5163,61,9,0.16833854679331953
Paul Knutson,1441.152,-798.705,14,2,-0.554212879696243
Paul Lucas,239.481,-0.7527000000000008,29,5,-0.0031430468387888843
Paul MacIntyre,1405.402,157.8768,16,3,0.1123356875826276
Paul Prost,7252.608,1495.0854,138,10,0.2061445207020702
Paul Stevenson,1278.639,198.5099,52,8,0.15525093478299973
Paul Van Hugh,2876.0460000000003,434.52840000000015,52,5,0.15108534425388193
Pauline Chand,1061.488,-184.3364,18,2,-0.17365848695416244
Pauline Johnson,1824.234,682.9979000000001,25,7,0.3744025711613752
Pauline Webber,3454.916,803.8169,48,10,0.23265888374710122
Penelope Sewall,6843.634,1742.7296999999999,47,7,0.25464975187159333
Pete Armstrong,729.408,225.8588,27,6,0.3096467272089146
Pete Kriz,8646.934,2038.2676000000001,107,12,0.23572142449566522
Pete Takahito,160.572,-20.050800000000002,19,4,-0.12487108586802184
Peter Bühler,688.324,218.15970000000002,18,4,0.31694332901366223
Peter Fuller,9062.864,-614.2943000000002,75,4,-0.06778147614264103
Peter McVee,4115.662,526.7537,36,4,0.12798759956478445
Philip Brown,1456.95,280.6606,54,8,0.19263571158927895
Philip Fox,2770.0,196.8739,34,6,0.07107361010830325
Philisse Overcash,4893.043,1155.4331,65,9,0.23613794115441047
Phillina Ober,1056.858,-49.700899999999976,32,5,-0.04702703674476607
Phillip Breyer,132.738,21.897,10,2,0.16496406454820772
Phillip Flathmann,2206.128,591.3118000000001,32,5,0.26803150134534354
Pierre Wener,3922.415,1290.354,39,7,0.3289692702072575
Quincy Jones,6108.338,1203.6768,61,9,0.19705471439203268
Rachel Payne,954.6451999999999,59.538399999999996,47,4,0.06236704484556147
Ralph Arnett,2617.906,546.0882,58,9,0.20859732931587308
Ralph Kennedy,1460.192,269.688,29,3,0.18469351975630602
Ralph Ritter,615.932,-73.835,7,2,-0.11987524596871083
Randy Bradley,1008.1959999999999,-164.40619999999998,16,2,-0.16306968089538146
Randy Ferguson,3309.1499999999996,633.7072,67,8,0.1915015034072194
Raymond Buch,15117.339,6976.0959,71,6,0.46146321783218597
Raymond Messe,1453.474,392.1499,29,6,0.2698017990001885
Resi Pölking,5153.084,465.25030000000004,88,12,0.09028579778633535
Ricardo Emerson,48.36,6.045,5,1,0.125
Ricardo Sperren,3221.29,633.4514,29,5,0.1966452570243598
Richard Bierner,2663.0860000000002,477.2399,66,8,0.17920559080705614
Richard Eichhorn,876.696,209.2294,47,5,0.23865672935658425
Rick Bensley,4715.466,640.5465999999999,85,12,0.13583951193795055
Rick Duston,4272.93,480.5939999999999,60,8,0.11247411027093818
Rick Hansen,3621.376,563.7877,38,5,0.15568328171391205
Rick Huthwaite,6979.18,1289.4535,43,6,0.18475716344900117
Rick Reed,3302.2619999999997,721.6826,36,6,0.21854189643341443
Rick Wilson,7397.401,1586.6273,89,7,0.2144844250027814
Ritsa Hightower,740.382,0.30570000000000164,11,2,0.00041289496503156705
Rob Beeghly,528.546,76.8879,35,5,0.14547059290960482
Rob Dowd,2912.8940000000002,734.5158,73,10,0.25216015412850584
Rob Haberlin,2085.74,172.62609999999987,43,3,0.08276491796676473
Rob Lucas,6234.91,488.1483999999999,101,8,0.07829277407372359
Rob Williams,3279.746,698.8325,53,9,0.21307518935917596
Robert Barroso,221.084,72.679,29,5,0.3287393027084728
Robert Dilbeck,2786.632,835.7719999999999,23,5,0.29992191290417963
Robert Marley,5979.096,1902.5438,39,5,0.31819923948369455
Robert Waldorf,3495.646,707.5503,61,5,0.20240902539902494
Roger Barcio,2067.45,243.07549999999992,22,4,0.11757261360613314
Roger Demir,1419.737,207.33039999999997,78,10,0.14603437115465748
Roland Fjeld,2341.2960000000003,711.6168,53,7,0.3039414068105869
Roland Murray,98.35,28.6879,4,1,0.291691916624301
Roland Schwarz,4159.7699999999995,1206.3851,54,8,0.29001245261156267
Rose O'Brian,3815.478,-1262.5716,48,7,-0.3309078443120364
Ross Baird,5633.316,-461.7332,92,8,-0.08196472557193668
Ross DeVincentis,1137.616,318.4625,63,8,0.27993848539401694
Roy Collins,966.409,63.99139999999999,29,6,0.06621564989564459
Roy Französisch,945.222,280.0261,45,8,0.29625431909117644
Roy Phan,2170.716,594.5868,61,8,0.2739127550540928
Roy Skaria,22.328,9.5838,10,2,0.4292278753135077
Ruben Ausman,3832.314,1292.8656,53,7,0.3373589951136572
Ruben Dartt,3133.924,455.5291999999999,85,9,0.1453542587503717
Russell Applegate,4793.543,304.8673000000001,75,9,0.06359957551230898
Russell D'Ascenzo,970.942,35.0574,33,4,0.03610658515132727
Ryan Akin,1686.9225,-445.695,27,5,-0.264205972710661
Ryan Crowe,885.752,10.563299999999998,44,6,0.011925798643412602
Sally Hughsby,3406.8395,558.474,113,13,0.1639272997744684
Sally Knutson,883.409,168.7933,19,3,0.19107038755548109
Sally Matthias,244.494,-26.592700000000004,26,4,-0.10876626829288245
Sam Craven,3362.9636,-317.0508,62,5,-0.09427720240564007
Sam Zeldin,3625.329,366.4303,69,11,0.10107504725777991
Sample Company A,4624.572,1011.7443,61,9,0.21877576995233286
Sandra Flanagan,763.546,228.16230000000002,35,7,0.29881932457245536
Sandra Glassco,3406.581,570.438,30,3,0.16745176468723333
Sanjit Chand,14142.334,5757.411899999999,87,9,0.40710478906805614
Sanjit Engle,12209.438,2650.6769,78,11,0.21710064787584818
Sanjit Jacobs,3949.656,144.11890000000008,104,12,0.03648897524240088
Saphhira Shifley,1324.028,332.3487,86,8,0.25101334714975815
Sara Luxemburg,3053.012,527.9715000000001,30,7,0.17293462980165164
Sarah Bern,1348.02,157.6658,24,3,0.11696102431714663
Sarah Brown,6410.996,885.4623999999999,45,6,0.138116199105412
Sarah Foster,3422.786,286.9046,74,9,0.08382195089029815
Sarah Jordon,1341.036,-23.513700000000004,35,6,-0.01753398119066155
Scot Coram,4371.958,440.14099999999996,49,4,0.10067365697474678
Scot Wooten,1085.078,-19.606200000000015,33,7,-0.018068931450089316
Scott Cohen,3756.513,679.0074,71,12,0.18075470522796008
Scott Williamson,1966.65,332.8725,28,6,0.16925863778506597
Sean Braxton,8057.891,-2082.745100000001,84,7,-0.25847273188480724
Sean Christensen,3979.065,229.1617,64,7,0.057591846325707165
Sean Miller,25043.05,-1980.7393000000002,50,5,-0.0790933732113301
Sean O'Donnell,2602.5755,-81.08579999999998,52,6,-0.031155983755322365
Sean Wendt,1019.044,95.83829999999999,25,3,0.09404726390617087
Seth Vernon,11470.95,1199.4242000000002,109,10,0.10456188894555378
Shahid Collister,5992.536,236.6615,80,9,0.03949271226739397
Shahid Hopkins,2180.718,-144.5229,45,10,-0.06627308070094345
Shahid Shariari,3056.807,-1010.9738,46,6,-0.3307286982789558
Sharelle Roach,3233.481,-3333.9144,34,5,-1.031060457754352
Shaun Chance,1874.998,379.5611,44,7,0.20243280259498944
Shaun Weien,2921.544,793.6548,18,7,0.27165594630784273
Sheri Gordon,1884.7980000000002,-119.01049999999998,62,8,-0.06314231021043101
Shirley Daniels,6121.114,1985.1671999999999,82,9,0.3243146917374844
Shirley Jackson,1318.7759999999998,68.09629999999999,30,5,0.0516359867028214
Shirley Schmidt,613.4000000000001,199.93449999999999,36,3,0.3259447342680143
Shui Tom,433.34,84.4419,33,7,0.1948629251857664
Sibella Parks,1306.086,-118.77570000000001,43,6,-0.09094018311198498
Skye Norling,1860.4180000000001,-716.8565000000001,67,6,-0.38532012698221585
Sonia Cooley,902.7280000000001,100.2252999999999,30,5,0.11102491558919175
Sonia Sunley,418.49,135.5401,17,6,0.3238789457334703
Speros Goranitis,3124.8320000000003,463.2689999999999,49,6,0.14825405013773535
Stefania Perrino,5440.319,-270.4282,77,9,-0.0497081513050981
Stefanie Holloman,2096.392,260.6258,16,2,0.12432111933264392
Stephanie Phelps,1872.4360000000001,268.4782,71,9,0.14338444678483003
Stephanie Ulpright,2595.364,763.4718999999999,61,7,0.29416756185259557
Steve Carroll,1254.64,370.1578,26,6,0.29503108461391314
Steve Chapman,2576.408,611.8290999999999,66,10,0.23747368429223942
Steve Nguyen,3127.9592,481.74989999999997,89,7,0.15401412524818098
Steven Cartwright,5226.21,1276.6513,133,11,0.24427860725076106
Steven Roelle,4345.886,1990.4243999999999,50,8,0.4580019816442492
Steven Ward,758.6959999999999,68.2415999999999,27,2,0.08994590718812266
Stewart Carmichael,4492.657,-671.1874000000001,75,7,-0.14939653750553405
Stewart Visinsky,4105.305,485.02719999999994,91,9,0.1181464470971097
Stuart Calhoun,279.256,51.8252,11,4,0.1855831208640101
Stuart Van,1271.0900000000001,199.6502,24,4,0.15707007371625928
Sue Ann Reed,4767.3415,610.1496000000001,75,10,0.12798529327089322
Sung Chung,280.632,31.1757,13,2,0.11109103737278714
Sung Pak,4282.94,566.7226,80,10,0.1323209290814254
Sung Shariari,964.636,-75.58600000000001,39,5,-0.07835701756932151
Susan Gilcrest,47.946,-3.707300000000001,17,3,-0.07732240437158472
Susan MacKendrick,1043.041,-237.2885,20,1,-0.2274968098090104
Susan Pistek,3990.689,14.692399999999793,57,6,0.0036816700073595797
Susan Vittorini,1903.491,106.89120000000001,66,8,0.05615534825223761
Suzanne McNair,5695.79,610.1142,103,14,0.10711669496241961
Sylvia Foulston,3336.535,539.9352,66,9,0.1618251269655496
Tamara Chand,19052.218,8981.3239,42,5,0.4714056862040944
Tamara Dahlen,1434.548,88.18969999999997,67,9,0.06147560067700765
Tamara Manning,2955.226,573.3013,67,8,0.19399575531617547
Tamara Willingham,5278.826,737.3905000000001,57,7,0.13968835115989806
Tanja Norvell,3130.221,-692.0452,48,7,-0.22108509271390103
Ted Butterfield,1467.881,390.2113,66,5,0.26583306139939133
Ted Trevino,4915.602,751.9567,66,7,0.15297347100111033
Thais Sissman,4.833,-3.3156,4,2,-0.6860335195530726
Thea Hendricks,2422.824,-135.21249999999998,29,5,-0.055807809399279505
Thea Hudgings,2942.772,-252.5539,29,4,-0.08582176940653234
Theone Pippenger,4454.0560000000005,1129.1261,55,9,0.2535051422793067
Theresa Coyne,1038.26,265.5332,17,1,0.2557482711459558
Theresa Swint,2163.624,260.8744,60,6,0.12057289066861895
Thomas Boland,3589.296,829.1635,36,4,0.2310100643691688
Thomas Brumley,816.1740000000001,179.0038,23,4,0.21932063506066107
Thomas Seio,5371.09,862.8877000000001,67,7,0.16065411303850802
Thomas Thornton,1427.044,278.7371,55,8,0.19532481128822937
Tiffany House,1022.201,92.729,40,8,0.09071503549693259
Tim Brockman,1602.376,260.6155,74,7,0.1626431624038303
Tim Taslimi,439.5,93.9162,8,3,0.2136887372013652
Toby Braunhardt,2198.45,490.9567,35,6,0.2233194750847188
Toby Carlisle,4266.812,606.3727,63,8,0.14211376081252233
Toby Gnade,3058.372,682.1704000000001,30,5,0.2230501717907436
Toby Ritter,675.942,220.3644,22,5,0.3260108115785082
Toby Swindell,974.782,-184.97889999999998,51,5,-0.18976437808658753
Todd Boyes,834.328,268.967,44,5,0.322375612468957
Todd Sumrall,11891.751,2371.7144000000003,59,6,0.19944198293422055
Tom Ashbrook,14595.62,4703.7883,36,4,0.32227396301082106
Tom Boeckenhauer,9133.99,2798.3689,55,7,0.306368728233773
Tom Prescott,5329.0048,-1087.3898,39,5,-0.2040511954502274
Tom Stivers,2054.14,48.70169999999998,31,5,0.023709046121491224
Tonja Turnell,5364.808,1124.4999,48,7,0.20960673709105712
Tony Chapman,1244.976,119.104,45,9,0.09566770765058924
Tony Molinari,1094.6779999999999,292.52099999999996,12,3,0.2672210458235207
Tony Sayre,2243.274,11.377899999999961,54,6,0.00507200636212962
Tracy Blumstein,4737.486,-1603.0451,85,9,-0.3383746358300584
Tracy Collins,742.558,217.933,28,7,0.29348953213082346
Tracy Hopkins,4234.096,-571.9678000000001,44,7,-0.13508616715350813
Tracy Poddar,1936.6399999999999,139.2286999999999,48,4,0.07189188491407794
Tracy Zic,2234.95,349.4514999999999,69,8,0.15635763663616634
Troy Blackwell,1387.5590000000002,-136.40909999999997,29,5,-0.09830868453161268
Troy Staebel,2820.424,-294.69809999999995,44,7,-0.10448716221390825
Trudy Brown,2797.6679999999997,379.8819999999998,60,9,0.13578523255797323
Trudy Glocke,2074.661,365.72050000000013,50,4,0.17627964279465422
Trudy Schmidt,3368.094,220.9163,52,5,0.06559089502846417
Valerie Dominguez,6442.254,1617.7874,71,6,0.25112133113658663
Valerie Mitchum,2454.866,513.5269,37,7,0.20918734464528815
Valerie Takahito,1736.596,-224.08890000000008,42,2,-0.12903916627701553
Vicky Freymann,847.944,-96.27799999999999,35,5,-0.11354287547290859
Victor Preis,993.902,205.3888,18,3,0.20664894526824576
Victoria Brennan,2005.596,371.2398,37,6,0.18510198464695782
Victoria Pisteka,3360.526,-1018.7768,65,7,-0.303159921988403
Victoria Wilson,6134.0380000000005,-874.6644999999999,77,10,-0.14259195981505166
Vivek Gonzalez,846.01,143.6268,32,6,0.16976962447252397
Vivek Grady,427.372,-52.333,16,5,-0.12245303857061295
Vivek Sundaresam,1055.981,-262.80930000000006,38,4,-0.24887692108096648
Vivian Mathis,380.69,116.6373,25,5,0.30638393443484196
William Brown,6327.268,692.3908,154,13,0.10942966221756373
Xylona Preis,2503.156,675.9584,121,13,0.27004245840051516
Yana Sorensen,6720.4439999999995,1778.2923,58,8,0.2646093472395574
Yoseph Carroll,5454.35,1305.629,31,5,0.23937389423120992
Zuschuss Carroll,8025.707,-1032.149,105,13,-0.1286053677264819
Zuschuss Donatelli,1493.944,249.1307,32,5,0.16676040065758824
